{
    "detail": "Backtest eseguito con successo.",
    "final_value": 100025.38696266148,
    "cash": 99894.77178932163,
    "analyzers": {
        "SharpeRatio": {
            "sharperatio": null
        },
        "TradeAnalyzer": {
            "total": {
                "total": 4,
                "open": 1,
                "closed": 3
            },
            "streak": {
                "won": {
                    "current": 0,
                    "longest": 1
                },
                "lost": {
                    "current": 1,
                    "longest": 1
                }
            },
            "pnl": {
                "gross": {
                    "total": 12.216364099019572,
                    "average": 4.072121366339857
                },
                "net": {
                    "total": 11.662749096800793,
                    "average": 3.887583032266931
                }
            },
            "won": {
                "total": 1,
                "pnl": {
                    "total": 37.070010843207704,
                    "average": 37.070010843207704,
                    "max": 37.070010843207704
                }
            },
            "lost": {
                "total": 2,
                "pnl": {
                    "total": -25.407261746406913,
                    "average": -12.703630873203457,
                    "max": -15.986145967901487
                }
            },
            "long": {
                "total": 3,
                "pnl": {
                    "total": 11.662749096800793,
                    "average": 3.887583032266931,
                    "won": {
                        "total": 37.070010843207704,
                        "average": 37.070010843207704,
                        "max": 37.070010843207704
                    },
                    "lost": {
                        "total": -25.407261746406913,
                        "average": -12.703630873203457,
                        "max": -15.986145967901487
                    }
                },
                "won": 1,
                "lost": 2
            },
            "short": {
                "total": 0,
                "pnl": {
                    "total": 0.0,
                    "average": 0.0,
                    "won": {
                        "total": 0.0,
                        "average": 0.0,
                        "max": 0.0
                    },
                    "lost": {
                        "total": 0.0,
                        "average": 0.0,
                        "max": 0.0
                    }
                },
                "won": 0,
                "lost": 0
            },
            "len": {
                "total": 128,
                "average": 42.666666666666664,
                "max": 107,
                "min": 7,
                "won": {
                    "total": 107,
                    "average": 107.0,
                    "max": 107,
                    "min": 107
                },
                "lost": {
                    "total": 21,
                    "average": 10.5,
                    "max": 14,
                    "min": 7
                },
                "long": {
                    "total": 128,
                    "average": 42.666666666666664,
                    "max": 107,
                    "min": 7,
                    "won": {
                        "total": 107,
                        "average": 107.0,
                        "max": 107,
                        "min": 107
                    },
                    "lost": {
                        "total": 21,
                        "average": 10.5,
                        "max": 14,
                        "min": 7
                    }
                },
                "short": {
                    "total": 0,
                    "average": 0.0,
                    "max": 0,
                    "min": 9223372036854775807,
                    "won": {
                        "total": 0,
                        "average": 0.0,
                        "max": 0,
                        "min": 9223372036854775807
                    },
                    "lost": {
                        "total": 0,
                        "average": 0.0,
                        "max": 0,
                        "min": 9223372036854775807
                    }
                }
            }
        },
        "SQN": {
            "sqn": 0.2851229561043595,
            "trades": 3
        },
        "TimeReturn": {
            "2020-01-02T00:00:00": 0.0,
            "2020-01-03T00:00:00": 0.0,
            "2020-01-06T00:00:00": 0.0,
            "2020-01-07T00:00:00": 0.0,
            "2020-01-08T00:00:00": 0.0,
            "2020-01-09T00:00:00": 0.0,
            "2020-01-10T00:00:00": 0.0,
            "2020-01-13T00:00:00": 0.0,
            "2020-01-14T00:00:00": 0.0,
            "2020-01-15T00:00:00": 0.0,
            "2020-01-16T00:00:00": 0.0,
            "2020-01-17T00:00:00": 0.0,
            "2020-01-21T00:00:00": 0.0,
            "2020-01-22T00:00:00": 0.0,
            "2020-01-23T00:00:00": 0.0,
            "2020-01-24T00:00:00": 0.0,
            "2020-01-27T00:00:00": 0.0,
            "2020-01-28T00:00:00": 0.0,
            "2020-01-29T00:00:00": 0.0,
            "2020-01-30T00:00:00": 0.0,
            "2020-01-31T00:00:00": 0.0,
            "2020-02-03T00:00:00": 0.0,
            "2020-02-04T00:00:00": 0.0,
            "2020-02-05T00:00:00": 0.0,
            "2020-02-06T00:00:00": 0.0,
            "2020-02-07T00:00:00": 0.0,
            "2020-02-10T00:00:00": 0.0,
            "2020-02-11T00:00:00": 0.0,
            "2020-02-12T00:00:00": 0.0,
            "2020-02-13T00:00:00": 0.0,
            "2020-02-14T00:00:00": -2.7839661653761283e-07,
            "2020-02-18T00:00:00": -1.4439396109677816e-05,
            "2020-02-19T00:00:00": 1.1211712863223866e-05,
            "2020-02-20T00:00:00": -8.056897756292258e-06,
            "2020-02-21T00:00:00": -1.7594579058366477e-05,
            "2020-02-24T00:00:00": -3.6087401705242605e-05,
            "2020-02-25T00:00:00": -2.4512173608992605e-05,
            "2020-02-26T00:00:00": -4.457148033654157e-06,
            "2020-02-27T00:00:00": 0.0,
            "2020-02-28T00:00:00": 0.0,
            "2020-03-02T00:00:00": 0.0,
            "2020-03-03T00:00:00": 0.0,
            "2020-03-04T00:00:00": 0.0,
            "2020-03-05T00:00:00": 0.0,
            "2020-03-06T00:00:00": 0.0,
            "2020-03-09T00:00:00": 0.0,
            "2020-03-10T00:00:00": 0.0,
            "2020-03-11T00:00:00": 0.0,
            "2020-03-12T00:00:00": 0.0,
            "2020-03-13T00:00:00": 0.0,
            "2020-03-16T00:00:00": 0.0,
            "2020-03-17T00:00:00": 0.0,
            "2020-03-18T00:00:00": 0.0,
            "2020-03-19T00:00:00": 0.0,
            "2020-03-20T00:00:00": 0.0,
            "2020-03-23T00:00:00": 0.0,
            "2020-03-24T00:00:00": 0.0,
            "2020-03-25T00:00:00": 0.0,
            "2020-03-26T00:00:00": 0.0,
            "2020-03-27T00:00:00": 0.0,
            "2020-03-30T00:00:00": 0.0,
            "2020-03-31T00:00:00": 0.0,
            "2020-04-01T00:00:00": 0.0,
            "2020-04-02T00:00:00": 0.0,
            "2020-04-03T00:00:00": 0.0,
            "2020-04-06T00:00:00": 0.0,
            "2020-04-07T00:00:00": 0.0,
            "2020-04-08T00:00:00": 0.0,
            "2020-04-09T00:00:00": 0.0,
            "2020-04-13T00:00:00": 0.0,
            "2020-04-14T00:00:00": 0.0,
            "2020-04-15T00:00:00": 0.0,
            "2020-04-16T00:00:00": -2.3721258048947647e-06,
            "2020-04-17T00:00:00": -9.441219479100482e-06,
            "2020-04-20T00:00:00": -1.4246505579684765e-05,
            "2020-04-21T00:00:00": -2.0776119315280006e-05,
            "2020-04-22T00:00:00": 1.8761877779827074e-05,
            "2020-04-23T00:00:00": -2.597058298081656e-06,